SETTLEMENTDATE,REGIONID,RRP
2025/06/30 04:05:00,NSW1,200.01
2025/06/30 04:10:00,NSW1,166.40724
2025/06/30 04:15:00,NSW1,161.80824
2025/06/30 04:20:00,NSW1,158.56966
2025/06/30 04:25:00,NSW1,198.23652
2025/06/30 04:30:00,NSW1,184.20441
2025/06/30 04:35:00,NSW1,161.05449
2025/06/30 04:40:00,NSW1,168.11219
2025/06/30 04:45:00,NSW1,198.97125
2025/06/30 04:50:00,NSW1,185.55582
2025/06/30 04:55:00,NSW1,174.46287
2025/06/30 05:00:00,NSW1,198.85
2025/06/30 05:05:00,NSW1,170.73912
2025/06/30 05:10:00,NSW1,200.01
2025/06/30 05:15:00,NSW1,242.15429
2025/06/30 05:20:00,NSW1,239.10699
2025/06/30 05:25:00,NSW1,188.59135
2025/06/30 05:30:00,NSW1,200.01
2025/06/30 05:35:00,NSW1,196.64753
2025/06/30 05:40:00,NSW1,200.01
2025/06/30 05:45:00,NSW1,219.45285
2025/06/30 05:50:00,NSW1,200.01
2025/06/30 05:55:00,NSW1,221.38776
2025/06/30 06:00:00,NSW1,256.83835
2025/06/30 06:05:00,NSW1,234.81832
2025/06/30 06:10:00,NSW1,293.22769
2025/06/30 06:15:00,NSW1,294.49602
2025/06/30 06:20:00,NSW1,294.07686
2025/06/30 06:25:00,NSW1,289.48093
2025/06/30 06:30:00,NSW1,299.99
2025/06/30 06:35:00,NSW1,241.85173
2025/06/30 06:40:00,NSW1,293.54451
2025/06/30 06:45:00,NSW1,299.99016
2025/06/30 06:50:00,NSW1,299.99016
2025/06/30 06:55:00,NSW1,299.99
2025/06/30 07:00:00,NSW1,299.99
2025/06/30 07:05:00,NSW1,299.99
2025/06/30 07:10:00,NSW1,299.99
2025/06/30 07:15:00,NSW1,299.99
2025/06/30 07:20:00,NSW1,365.08359
2025/06/30 07:25:00,NSW1,500.0
2025/06/30 07:30:00,NSW1,993.63
2025/06/30 07:35:00,NSW1,993.63
2025/06/30 07:40:00,NSW1,401.73639
2025/06/30 07:45:00,NSW1,329.6095
2025/06/30 07:50:00,NSW1,312.96476
2025/06/30 07:55:00,NSW1,372.69481
2025/06/30 08:00:00,NSW1,359.16358
2025/06/30 08:05:00,NSW1,299.99016
2025/06/30 08:10:00,NSW1,322.15852
2025/06/30 08:15:00,NSW1,312.55308
2025/06/30 08:20:00,NSW1,309.36106
2025/06/30 08:25:00,NSW1,304.64071
2025/06/30 08:30:00,NSW1,299.99
2025/06/30 08:35:00,NSW1,299.99
2025/06/30 08:40:00,NSW1,299.99
2025/06/30 08:45:00,NSW1,299.99
2025/06/30 08:50:00,NSW1,288.81689
2025/06/30 08:55:00,NSW1,273.26936
2025/06/30 09:00:00,NSW1,247.12183
2025/06/30 09:05:00,NSW1,249.05355
2025/06/30 09:10:00,NSW1,299.99
2025/06/30 09:15:00,NSW1,299.71016
2025/06/30 09:20:00,NSW1,230.81565
2025/06/30 09:25:00,NSW1,299.99
2025/06/30 09:30:00,NSW1,186.74277
2025/06/30 09:35:00,NSW1,240.60229
2025/06/30 09:40:00,NSW1,207.98043
2025/06/30 09:45:00,NSW1,214.75237
2025/06/30 09:50:00,NSW1,209.75242
2025/06/30 09:55:00,NSW1,228.54693
2025/06/30 10:00:00,NSW1,210.3192
2025/06/30 10:05:00,NSW1,182.60081
2025/06/30 10:10:00,NSW1,278.10738
2025/06/30 10:15:00,NSW1,279.99386
2025/06/30 10:20:00,NSW1,252.45547
2025/06/30 10:25:00,NSW1,266.86543
2025/06/30 10:30:00,NSW1,216.81869
2025/06/30 10:35:00,NSW1,201.1627
2025/06/30 10:40:00,NSW1,300.01
2025/06/30 10:45:00,NSW1,181.80521
2025/06/30 10:50:00,NSW1,202.22744
2025/06/30 10:55:00,NSW1,252.99754
2025/06/30 11:00:00,NSW1,173.63694
2025/06/30 11:05:00,NSW1,271.38996
2025/06/30 11:10:00,NSW1,247.01934
2025/06/30 11:15:00,NSW1,190.0
2025/06/30 11:20:00,NSW1,192.88088
2025/06/30 11:25:00,NSW1,196.7228
2025/06/30 11:30:00,NSW1,145.88957
2025/06/30 11:35:00,NSW1,188.30305
2025/06/30 11:40:00,NSW1,196.90806
2025/06/30 11:45:00,NSW1,154.20502
2025/06/30 11:50:00,NSW1,200.0
2025/06/30 11:55:00,NSW1,199.9
2025/06/30 12:00:00,NSW1,168.19923
2025/06/30 12:05:00,NSW1,176.54427
2025/06/30 12:10:00,NSW1,191.99223
2025/06/30 12:15:00,NSW1,178.07132
2025/06/30 12:20:00,NSW1,179.33962
2025/06/30 12:25:00,NSW1,175.62568
2025/06/30 12:30:00,NSW1,158.57802
2025/06/30 12:35:00,NSW1,149.8677
2025/06/30 12:40:00,NSW1,176.32967
2025/06/30 12:45:00,NSW1,193.10625
2025/06/30 12:50:00,NSW1,175.19051
2025/06/30 12:55:00,NSW1,120.33088
2025/06/30 13:00:00,NSW1,178.62223
2025/06/30 13:05:00,NSW1,159.87807
2025/06/30 13:10:00,NSW1,200.0
2025/06/30 13:15:00,NSW1,172.13802
2025/06/30 13:20:00,NSW1,158.25617
2025/06/30 13:25:00,NSW1,177.39598
2025/06/30 13:30:00,NSW1,178.75965
2025/06/30 13:35:00,NSW1,126.11575
2025/06/30 13:40:00,NSW1,126.30934
2025/06/30 13:45:00,NSW1,125.54404
2025/06/30 13:50:00,NSW1,107.63039
2025/06/30 13:55:00,NSW1,108.89
2025/06/30 14:00:00,NSW1,76.80003
2025/06/30 14:05:00,NSW1,57.00987
2025/06/30 14:10:00,NSW1,57.01002
2025/06/30 14:15:00,NSW1,90.55832
2025/06/30 14:20:00,NSW1,84.27469
2025/06/30 14:25:00,NSW1,109.03397
2025/06/30 14:30:00,NSW1,154.31135
2025/06/30 14:35:00,NSW1,110.79887
2025/06/30 14:40:00,NSW1,112.74571
2025/06/30 14:45:00,NSW1,175.73445
2025/06/30 14:50:00,NSW1,172.70309
2025/06/30 14:55:00,NSW1,180.0
2025/06/30 15:00:00,NSW1,150.6797
2025/06/30 15:05:00,NSW1,76.80009
2025/06/30 15:10:00,NSW1,108.89
2025/06/30 15:15:00,NSW1,108.89
2025/06/30 15:20:00,NSW1,108.91
2025/06/30 15:25:00,NSW1,299.0
2025/06/30 15:30:00,NSW1,299.99
2025/06/30 15:35:00,NSW1,216.03131
2025/06/30 15:40:00,NSW1,200.0
2025/06/30 15:45:00,NSW1,259.52506
2025/06/30 15:50:00,NSW1,299.99
2025/06/30 15:55:00,NSW1,299.99
2025/06/30 16:00:00,NSW1,299.99
2025/06/30 16:05:00,NSW1,299.99
2025/06/30 16:10:00,NSW1,211.12843
2025/06/30 16:15:00,NSW1,260.72958
2025/06/30 16:20:00,NSW1,218.26333
2025/06/30 16:25:00,NSW1,269.67906
2025/06/30 16:30:00,NSW1,267.09674
2025/06/30 16:35:00,NSW1,299.99
2025/06/30 16:40:00,NSW1,299.48562
2025/06/30 16:45:00,NSW1,309.47263
2025/06/30 16:50:00,NSW1,331.15459
2025/06/30 16:55:00,NSW1,377.13892
2025/06/30 17:00:00,NSW1,381.31913
2025/06/30 17:05:00,NSW1,339.68098
2025/06/30 17:10:00,NSW1,329.30499
2025/06/30 17:15:00,NSW1,336.45616
2025/06/30 17:20:00,NSW1,325.8266
2025/06/30 17:25:00,NSW1,324.34106
2025/06/30 17:30:00,NSW1,370.03889
2025/06/30 17:35:00,NSW1,365.35119
2025/06/30 17:40:00,NSW1,394.03626
2025/06/30 17:45:00,NSW1,328.23345
2025/06/30 17:50:00,NSW1,332.45535
2025/06/30 17:55:00,NSW1,342.41957
2025/06/30 18:00:00,NSW1,394.00558
2025/06/30 18:05:00,NSW1,324.43898
2025/06/30 18:10:00,NSW1,299.99
2025/06/30 18:15:00,NSW1,317.21448
2025/06/30 18:20:00,NSW1,304.57721
2025/06/30 18:25:00,NSW1,299.99
2025/06/30 18:30:00,NSW1,290.73829
2025/06/30 18:35:00,NSW1,296.45716
2025/06/30 18:40:00,NSW1,299.99
2025/06/30 18:45:00,NSW1,302.74
2025/06/30 18:50:00,NSW1,299.99
2025/06/30 18:55:00,NSW1,299.99
2025/06/30 19:00:00,NSW1,299.99
2025/06/30 19:05:00,NSW1,299.59
2025/06/30 19:10:00,NSW1,299.41728
2025/06/30 19:15:00,NSW1,299.99
2025/06/30 19:20:00,NSW1,299.99
2025/06/30 19:25:00,NSW1,299.99
2025/06/30 19:30:00,NSW1,289.50876
2025/06/30 19:35:00,NSW1,299.99
2025/06/30 19:40:00,NSW1,295.9405
2025/06/30 19:45:00,NSW1,299.99
2025/06/30 19:50:00,NSW1,253.59014
2025/06/30 19:55:00,NSW1,268.96676
2025/06/30 20:00:00,NSW1,256.55777
2025/06/30 20:05:00,NSW1,278.43012
2025/06/30 20:10:00,NSW1,272.52513
2025/06/30 20:15:00,NSW1,256.75062
2025/06/30 20:20:00,NSW1,258.22331
2025/06/30 20:25:00,NSW1,252.90598
2025/06/30 20:30:00,NSW1,260.7235
2025/06/30 20:35:00,NSW1,233.98175
2025/06/30 20:40:00,NSW1,237.03253
2025/06/30 20:45:00,NSW1,285.94115
2025/06/30 20:50:00,NSW1,254.0765
2025/06/30 20:55:00,NSW1,250.96
2025/06/30 21:00:00,NSW1,250.96
2025/06/30 21:05:00,NSW1,204.9905
2025/06/30 21:10:00,NSW1,250.19536
2025/06/30 21:15:00,NSW1,200.01
2025/06/30 21:20:00,NSW1,210.4628
2025/06/30 21:25:00,NSW1,211.10699
2025/06/30 21:30:00,NSW1,206.33057
2025/06/30 21:35:00,NSW1,200.01
2025/06/30 21:40:00,NSW1,200.01
2025/06/30 21:45:00,NSW1,200.01
2025/06/30 21:50:00,NSW1,200.43307
2025/06/30 21:55:00,NSW1,176.19451
2025/06/30 22:00:00,NSW1,180.01
2025/06/30 22:05:00,NSW1,173.94176
2025/06/30 22:10:00,NSW1,200.01
2025/06/30 22:15:00,NSW1,180.61735
2025/06/30 22:20:00,NSW1,174.60608
2025/06/30 22:25:00,NSW1,167.97838
2025/06/30 22:30:00,NSW1,160.0
2025/06/30 22:35:00,NSW1,168.89392
2025/06/30 22:40:00,NSW1,180.05905
2025/06/30 22:45:00,NSW1,180.01
2025/06/30 22:50:00,NSW1,160.0
2025/06/30 22:55:00,NSW1,164.68528
2025/06/30 23:00:00,NSW1,138.41659
2025/06/30 23:05:00,NSW1,148.94722
2025/06/30 23:10:00,NSW1,153.76156
2025/06/30 23:15:00,NSW1,166.85776
2025/06/30 23:20:00,NSW1,165.0
2025/06/30 23:25:00,NSW1,160.0
2025/06/30 23:30:00,NSW1,129.74975
2025/06/30 23:35:00,NSW1,142.89028
2025/06/30 23:40:00,NSW1,142.50459
2025/06/30 23:45:00,NSW1,145.90701
2025/06/30 23:50:00,NSW1,136.59651
2025/06/30 23:55:00,NSW1,136.74498
2025/07/01 00:00:00,NSW1,108.89
2025/07/01 00:05:00,NSW1,176.71
2025/07/01 00:10:00,NSW1,182.67388
2025/07/01 00:15:00,NSW1,169.60501
2025/07/01 00:20:00,NSW1,185.72053
2025/07/01 00:25:00,NSW1,185.85217
2025/07/01 00:30:00,NSW1,185.97237
2025/07/01 00:35:00,NSW1,182.97848
2025/07/01 00:40:00,NSW1,185.00631
2025/07/01 00:45:00,NSW1,158.50294
2025/07/01 00:50:00,NSW1,178.59363
2025/07/01 00:55:00,NSW1,162.36247
2025/07/01 01:00:00,NSW1,159.87552
2025/07/01 01:05:00,NSW1,159.9005
2025/07/01 01:10:00,NSW1,179.06891
2025/07/01 01:15:00,NSW1,159.99749
2025/07/01 01:20:00,NSW1,176.94
2025/07/01 01:25:00,NSW1,157.47062
2025/07/01 01:30:00,NSW1,157.48581
2025/07/01 01:35:00,NSW1,176.71
2025/07/01 01:40:00,NSW1,175.62324
2025/07/01 01:45:00,NSW1,176.71
2025/07/01 01:50:00,NSW1,176.71
2025/07/01 01:55:00,NSW1,160.16
2025/07/01 02:00:00,NSW1,157.08
2025/07/01 02:05:00,NSW1,157.08
2025/07/01 02:10:00,NSW1,157.08
2025/07/01 02:15:00,NSW1,157.08
2025/07/01 02:20:00,NSW1,143.76092
2025/07/01 02:25:00,NSW1,141.09016
2025/07/01 02:30:00,NSW1,141.66727
2025/07/01 02:35:00,NSW1,157.08
2025/07/01 02:40:00,NSW1,139.9802
2025/07/01 02:45:00,NSW1,131.8807
2025/07/01 02:50:00,NSW1,138.9501
2025/07/01 02:55:00,NSW1,109.69262
2025/07/01 03:00:00,NSW1,142.22121
2025/07/01 03:05:00,NSW1,106.92
2025/07/01 03:10:00,NSW1,109.69094
2025/07/01 03:15:00,NSW1,132.01223
2025/07/01 03:20:00,NSW1,132.51952
2025/07/01 03:25:00,NSW1,109.69278
2025/07/01 03:30:00,NSW1,122.82691
2025/07/01 03:35:00,NSW1,106.92
2025/07/01 03:40:00,NSW1,132.81298
2025/07/01 03:45:00,NSW1,122.86485
2025/07/01 03:50:00,NSW1,116.06748
2025/07/01 03:55:00,NSW1,106.92
2025/07/01 04:00:00,NSW1,106.92
2025/06/30 04:05:00,QLD1,182.34
2025/06/30 04:10:00,QLD1,153.89754
2025/06/30 04:15:00,QLD1,150.28811
2025/06/30 04:20:00,QLD1,145.7463
2025/06/30 04:25:00,QLD1,182.34
2025/06/30 04:30:00,QLD1,166.29225
2025/06/30 04:35:00,QLD1,145.50986
2025/06/30 04:40:00,QLD1,152.9574
2025/06/30 04:45:00,QLD1,182.34
2025/06/30 04:50:00,QLD1,171.26392
2025/06/30 04:55:00,QLD1,161.0
2025/06/30 05:00:00,QLD1,182.64275
2025/06/30 05:05:00,QLD1,156.90794
2025/06/30 05:10:00,QLD1,184.14014
2025/06/30 05:15:00,QLD1,227.878
2025/06/30 05:20:00,QLD1,225.73
2025/06/30 05:25:00,QLD1,167.92433
2025/06/30 05:30:00,QLD1,179.8381
2025/06/30 05:35:00,QLD1,175.97403
2025/06/30 05:40:00,QLD1,184.7913
2025/06/30 05:45:00,QLD1,204.30837
2025/06/30 05:50:00,QLD1,187.76535
2025/06/30 05:55:00,QLD1,209.31245
2025/06/30 06:00:00,QLD1,243.0
2025/06/30 06:05:00,QLD1,224.0902
2025/06/30 06:10:00,QLD1,280.81
2025/06/30 06:15:00,QLD1,279.0
2025/06/30 06:20:00,QLD1,280.94
2025/06/30 06:25:00,QLD1,276.83446
2025/06/30 06:30:00,QLD1,282.20587
2025/06/30 06:35:00,QLD1,233.63418
2025/06/30 06:40:00,QLD1,280.9
2025/06/30 06:45:00,QLD1,282.12349
2025/06/30 06:50:00,QLD1,280.83
2025/06/30 06:55:00,QLD1,281.11061
2025/06/30 07:00:00,QLD1,281.3633
2025/06/30 07:05:00,QLD1,283.55486
2025/06/30 07:10:00,QLD1,291.41094
2025/06/30 07:15:00,QLD1,286.85716
2025/06/30 07:20:00,QLD1,350.0
2025/06/30 07:25:00,QLD1,474.17178
2025/06/30 07:30:00,QLD1,948.69127
2025/06/30 07:35:00,QLD1,943.30518
2025/06/30 07:40:00,QLD1,379.4004
2025/06/30 07:45:00,QLD1,307.58844
2025/06/30 07:50:00,QLD1,295.74075
2025/06/30 07:55:00,QLD1,350.0
2025/06/30 08:00:00,QLD1,350.0
2025/06/30 08:05:00,QLD1,286.71765
2025/06/30 08:10:00,QLD1,319.73604
2025/06/30 08:15:00,QLD1,312.5587
2025/06/30 08:20:00,QLD1,312.63686
2025/06/30 08:25:00,QLD1,307.67295
2025/06/30 08:30:00,QLD1,304.68796
2025/06/30 08:35:00,QLD1,300.85142
2025/06/30 08:40:00,QLD1,300.36535
2025/06/30 08:45:00,QLD1,292.94226
2025/06/30 08:50:00,QLD1,287.25863
2025/06/30 08:55:00,QLD1,274.66
2025/06/30 09:00:00,QLD1,256.1
2025/06/30 09:05:00,QLD1,256.1
2025/06/30 09:10:00,QLD1,328.1359
2025/06/30 09:15:00,QLD1,328.95399
2025/06/30 09:20:00,QLD1,256.1
2025/06/30 09:25:00,QLD1,334.42882
2025/06/30 09:30:00,QLD1,214.43
2025/06/30 09:35:00,QLD1,284.92
2025/06/30 09:40:00,QLD1,349.75
2025/06/30 09:45:00,QLD1,284.92
2025/06/30 09:50:00,QLD1,256.1
2025/06/30 09:55:00,QLD1,525.0
2025/06/30 10:00:00,QLD1,350.0
2025/06/30 10:05:00,QLD1,243.0
2025/06/30 10:10:00,QLD1,312.87852
2025/06/30 10:15:00,QLD1,316.45142
2025/06/30 10:20:00,QLD1,284.92
2025/06/30 10:25:00,QLD1,301.63067
2025/06/30 10:30:00,QLD1,247.73
2025/06/30 10:35:00,QLD1,247.73
2025/06/30 10:40:00,QLD1,912.0
2025/06/30 10:45:00,QLD1,350.0
2025/06/30 10:50:00,QLD1,256.1
2025/06/30 10:55:00,QLD1,288.74884
2025/06/30 11:00:00,QLD1,247.73
2025/06/30 11:05:00,QLD1,299.87649
2025/06/30 11:10:00,QLD1,274.12687
2025/06/30 11:15:00,QLD1,213.50632
2025/06/30 11:20:00,QLD1,215.14472
2025/06/30 11:25:00,QLD1,222.58549
2025/06/30 11:30:00,QLD1,167.06856
2025/06/30 11:35:00,QLD1,214.43
2025/06/30 11:40:00,QLD1,222.62944
2025/06/30 11:45:00,QLD1,176.48154
2025/06/30 11:50:00,QLD1,228.05915
2025/06/30 11:55:00,QLD1,226.3169
2025/06/30 12:00:00,QLD1,190.3
2025/06/30 12:05:00,QLD1,199.7437
2025/06/30 12:10:00,QLD1,214.43
2025/06/30 12:15:00,QLD1,198.76476
2025/06/30 12:20:00,QLD1,214.43
2025/06/30 12:25:00,QLD1,192.2898
2025/06/30 12:30:00,QLD1,173.7617
2025/06/30 12:35:00,QLD1,160.22184
2025/06/30 12:40:00,QLD1,187.31193
2025/06/30 12:45:00,QLD1,206.18662
2025/06/30 12:50:00,QLD1,187.11525
2025/06/30 12:55:00,QLD1,128.65203
2025/06/30 13:00:00,QLD1,187.45766
2025/06/30 13:05:00,QLD1,163.48699
2025/06/30 13:10:00,QLD1,203.51802
2025/06/30 13:15:00,QLD1,177.0939
2025/06/30 13:20:00,QLD1,162.0744
2025/06/30 13:25:00,QLD1,178.57728
2025/06/30 13:30:00,QLD1,181.9593
2025/06/30 13:35:00,QLD1,127.54
2025/06/30 13:40:00,QLD1,127.54
2025/06/30 13:45:00,QLD1,127.54
2025/06/30 13:50:00,QLD1,109.23
2025/06/30 13:55:00,QLD1,109.63567
2025/06/30 14:00:00,QLD1,75.43729
2025/06/30 14:05:00,QLD1,56.39976
2025/06/30 14:10:00,QLD1,57.10475
2025/06/30 14:15:00,QLD1,89.69
2025/06/30 14:20:00,QLD1,83.45
2025/06/30 14:25:00,QLD1,108.75
2025/06/30 14:30:00,QLD1,149.44264
2025/06/30 14:35:00,QLD1,108.75
2025/06/30 14:40:00,QLD1,112.80685
2025/06/30 14:45:00,QLD1,175.01809
2025/06/30 14:50:00,QLD1,173.3651
2025/06/30 14:55:00,QLD1,179.64224
2025/06/30 15:00:00,QLD1,151.02642
2025/06/30 15:05:00,QLD1,74.30324
2025/06/30 15:10:00,QLD1,103.68626
2025/06/30 15:15:00,QLD1,102.33238
2025/06/30 15:20:00,QLD1,103.18172
2025/06/30 15:25:00,QLD1,284.92367
2025/06/30 15:30:00,QLD1,287.72209
2025/06/30 15:35:00,QLD1,201.37981
2025/06/30 15:40:00,QLD1,188.87727
2025/06/30 15:45:00,QLD1,247.11344
2025/06/30 15:50:00,QLD1,279.66842
2025/06/30 15:55:00,QLD1,278.21
2025/06/30 16:00:00,QLD1,287.31449
2025/06/30 16:05:00,QLD1,291.14691
2025/06/30 16:10:00,QLD1,200.08711
2025/06/30 16:15:00,QLD1,243.0
2025/06/30 16:20:00,QLD1,203.95377
2025/06/30 16:25:00,QLD1,249.34082
2025/06/30 16:30:00,QLD1,249.0
2025/06/30 16:35:00,QLD1,276.63846
2025/06/30 16:40:00,QLD1,278.21
2025/06/30 16:45:00,QLD1,284.63588
2025/06/30 16:50:00,QLD1,307.21627
2025/06/30 16:55:00,QLD1,349.73
2025/06/30 17:00:00,QLD1,349.73
2025/06/30 17:05:00,QLD1,310.24719
2025/06/30 17:10:00,QLD1,303.19629
2025/06/30 17:15:00,QLD1,316.19037
2025/06/30 17:20:00,QLD1,304.8637
2025/06/30 17:25:00,QLD1,305.97415
2025/06/30 17:30:00,QLD1,350.0
2025/06/30 17:35:00,QLD1,349.73
2025/06/30 17:40:00,QLD1,364.44435
2025/06/30 17:45:00,QLD1,304.86446
2025/06/30 17:50:00,QLD1,312.00347
2025/06/30 17:55:00,QLD1,319.94211
2025/06/30 18:00:00,QLD1,361.1306
2025/06/30 18:05:00,QLD1,298.49173
2025/06/30 18:10:00,QLD1,278.85964
2025/06/30 18:15:00,QLD1,294.63
2025/06/30 18:20:00,QLD1,281.37859
2025/06/30 18:25:00,QLD1,230.64839
2025/06/30 18:30:00,QLD1,265.24223
2025/06/30 18:35:00,QLD1,265.62
2025/06/30 18:40:00,QLD1,275.35747
2025/06/30 18:45:00,QLD1,279.40645
2025/06/30 18:50:00,QLD1,272.87618
2025/06/30 18:55:00,QLD1,276.44998
2025/06/30 19:00:00,QLD1,272.80418
2025/06/30 19:05:00,QLD1,277.34768
2025/06/30 19:10:00,QLD1,277.0
2025/06/30 19:15:00,QLD1,277.0
2025/06/30 19:20:00,QLD1,278.63184
2025/06/30 19:25:00,QLD1,277.85405
2025/06/30 19:30:00,QLD1,269.77173
2025/06/30 19:35:00,QLD1,286.79478
2025/06/30 19:40:00,QLD1,277.0
2025/06/30 19:45:00,QLD1,278.77968
2025/06/30 19:50:00,QLD1,228.27531
2025/06/30 19:55:00,QLD1,249.81734
2025/06/30 20:00:00,QLD1,234.90895
2025/06/30 20:05:00,QLD1,251.53655
2025/06/30 20:10:00,QLD1,243.0
2025/06/30 20:15:00,QLD1,223.73005
2025/06/30 20:20:00,QLD1,230.0
2025/06/30 20:25:00,QLD1,231.00306
2025/06/30 20:30:00,QLD1,236.34461
2025/06/30 20:35:00,QLD1,214.44
2025/06/30 20:40:00,QLD1,214.44
2025/06/30 20:45:00,QLD1,260.06874
2025/06/30 20:50:00,QLD1,232.40174
2025/06/30 20:55:00,QLD1,227.88621
2025/06/30 21:00:00,QLD1,224.45412
2025/06/30 21:05:00,QLD1,186.69201
2025/06/30 21:10:00,QLD1,230.0
2025/06/30 21:15:00,QLD1,185.11343
2025/06/30 21:20:00,QLD1,194.58335
2025/06/30 21:25:00,QLD1,197.47293
2025/06/30 21:30:00,QLD1,190.08622
2025/06/30 21:35:00,QLD1,182.8945
2025/06/30 21:40:00,QLD1,183.75624
2025/06/30 21:45:00,QLD1,184.72198
2025/06/30 21:50:00,QLD1,183.64298
2025/06/30 21:55:00,QLD1,161.0
2025/06/30 22:00:00,QLD1,165.23305
2025/06/30 22:05:00,QLD1,163.27476
2025/06/30 22:10:00,QLD1,190.28672
2025/06/30 22:15:00,QLD1,175.45208
2025/06/30 22:20:00,QLD1,169.61272
2025/06/30 22:25:00,QLD1,161.41593
2025/06/30 22:30:00,QLD1,152.51639
2025/06/30 22:35:00,QLD1,162.95
2025/06/30 22:40:00,QLD1,171.35931
2025/06/30 22:45:00,QLD1,171.25064
2025/06/30 22:50:00,QLD1,153.96444
2025/06/30 22:55:00,QLD1,155.16487
2025/06/30 23:00:00,QLD1,129.45
2025/06/30 23:05:00,QLD1,138.32568
2025/06/30 23:10:00,QLD1,141.83223
2025/06/30 23:15:00,QLD1,152.81543
2025/06/30 23:20:00,QLD1,150.02692
2025/06/30 23:25:00,QLD1,142.52078
2025/06/30 23:30:00,QLD1,114.65358
2025/06/30 23:35:00,QLD1,127.9333
2025/06/30 23:40:00,QLD1,125.05457
2025/06/30 23:45:00,QLD1,128.87582
2025/06/30 23:50:00,QLD1,119.12073
2025/06/30 23:55:00,QLD1,117.52887
2025/07/01 00:00:00,QLD1,95.97204
2025/07/01 00:05:00,QLD1,153.51486
2025/07/01 00:10:00,QLD1,158.49201
2025/07/01 00:15:00,QLD1,146.94201
2025/07/01 00:20:00,QLD1,161.99002
2025/07/01 00:25:00,QLD1,161.99002
2025/07/01 00:30:00,QLD1,161.99002
2025/07/01 00:35:00,QLD1,159.32351
2025/07/01 00:40:00,QLD1,159.96051
2025/07/01 00:45:00,QLD1,136.40306
2025/07/01 00:50:00,QLD1,152.22687
2025/07/01 00:55:00,QLD1,139.72446
2025/07/01 01:00:00,QLD1,136.2107
2025/07/01 01:05:00,QLD1,136.9294
2025/07/01 01:10:00,QLD1,154.10154
2025/07/01 01:15:00,QLD1,137.83593
2025/07/01 01:20:00,QLD1,153.39164
2025/07/01 01:25:00,QLD1,136.42445
2025/07/01 01:30:00,QLD1,136.45779
2025/07/01 01:35:00,QLD1,153.07584
2025/07/01 01:40:00,QLD1,152.10056
2025/07/01 01:45:00,QLD1,152.97196
2025/07/01 01:50:00,QLD1,152.97547
2025/07/01 01:55:00,QLD1,138.60283
2025/07/01 02:00:00,QLD1,136.80147
2025/07/01 02:05:00,QLD1,135.17852
2025/07/01 02:10:00,QLD1,133.99823
2025/07/01 02:15:00,QLD1,134.02028
2025/07/01 02:20:00,QLD1,123.41891
2025/07/01 02:25:00,QLD1,121.10186
2025/07/01 02:30:00,QLD1,121.5284
2025/07/01 02:35:00,QLD1,135.67921
2025/07/01 02:40:00,QLD1,120.90546
2025/07/01 02:45:00,QLD1,115.38
2025/07/01 02:50:00,QLD1,119.9622
2025/07/01 02:55:00,QLD1,97.86001
2025/07/01 03:00:00,QLD1,125.17537
2025/07/01 03:05:00,QLD1,95.25567
2025/07/01 03:10:00,QLD1,96.56
2025/07/01 03:15:00,QLD1,115.38
2025/07/01 03:20:00,QLD1,116.6
2025/07/01 03:25:00,QLD1,96.56
2025/07/01 03:30:00,QLD1,106.00805
2025/07/01 03:35:00,QLD1,94.01908
2025/07/01 03:40:00,QLD1,115.38
2025/07/01 03:45:00,QLD1,108.09603
2025/07/01 03:50:00,QLD1,102.83062
2025/07/01 03:55:00,QLD1,95.33784
2025/07/01 04:00:00,QLD1,94.73234
2025/06/30 04:05:00,SA1,222.9315
2025/06/30 04:10:00,SA1,178.7
2025/06/30 04:15:00,SA1,175.05
2025/06/30 04:20:00,SA1,175.11128
2025/06/30 04:25:00,SA1,213.59266
2025/06/30 04:30:00,SA1,193.07922
2025/06/30 04:35:00,SA1,174.66106
2025/06/30 04:40:00,SA1,175.98
2025/06/30 04:45:00,SA1,209.69685
2025/06/30 04:50:00,SA1,195.11913
2025/06/30 04:55:00,SA1,180.22939
2025/06/30 05:00:00,SA1,203.15876
2025/06/30 05:05:00,SA1,178.7
2025/06/30 05:10:00,SA1,211.89204
2025/06/30 05:15:00,SA1,244.0
2025/06/30 05:20:00,SA1,244.0
2025/06/30 05:25:00,SA1,192.22062
2025/06/30 05:30:00,SA1,203.7314
2025/06/30 05:35:00,SA1,197.86688
2025/06/30 05:40:00,SA1,202.58886
2025/06/30 05:45:00,SA1,215.04
2025/06/30 05:50:00,SA1,194.069
2025/06/30 05:55:00,SA1,215.04
2025/06/30 06:00:00,SA1,243.84892
2025/06/30 06:05:00,SA1,215.04
2025/06/30 06:10:00,SA1,253.59591
2025/06/30 06:15:00,SA1,249.82208
2025/06/30 06:20:00,SA1,247.03634
2025/06/30 06:25:00,SA1,244.0
2025/06/30 06:30:00,SA1,253.22445
2025/06/30 06:35:00,SA1,209.5054
2025/06/30 06:40:00,SA1,247.69215
2025/06/30 06:45:00,SA1,254.52814
2025/06/30 06:50:00,SA1,255.63138
2025/06/30 06:55:00,SA1,266.38014
2025/06/30 07:00:00,SA1,275.0
2025/06/30 07:05:00,SA1,273.84331
2025/06/30 07:10:00,SA1,230.0
2025/06/30 07:15:00,SA1,258.73502
2025/06/30 07:20:00,SA1,275.0
2025/06/30 07:25:00,SA1,236.39
2025/06/30 07:30:00,SA1,359.97
2025/06/30 07:35:00,SA1,275.98
2025/06/30 07:40:00,SA1,299.44
2025/06/30 07:45:00,SA1,296.43121
2025/06/30 07:50:00,SA1,293.36101
2025/06/30 07:55:00,SA1,346.11285
2025/06/30 08:00:00,SA1,329.61256
2025/06/30 08:05:00,SA1,288.45574
2025/06/30 08:10:00,SA1,299.44
2025/06/30 08:15:00,SA1,299.44
2025/06/30 08:20:00,SA1,297.51591
2025/06/30 08:25:00,SA1,299.44
2025/06/30 08:30:00,SA1,303.66021
2025/06/30 08:35:00,SA1,298.32891
2025/06/30 08:40:00,SA1,289.47993
2025/06/30 08:45:00,SA1,296.35713
2025/06/30 08:50:00,SA1,286.89
2025/06/30 08:55:00,SA1,279.6661
2025/06/30 09:00:00,SA1,231.67208
2025/06/30 09:05:00,SA1,255.87097
2025/06/30 09:10:00,SA1,299.69958
2025/06/30 09:15:00,SA1,290.68477
2025/06/30 09:20:00,SA1,227.88561
2025/06/30 09:25:00,SA1,294.36996
2025/06/30 09:30:00,SA1,176.59171
2025/06/30 09:35:00,SA1,233.11837
2025/06/30 09:40:00,SA1,191.67564
2025/06/30 09:45:00,SA1,206.31964
2025/06/30 09:50:00,SA1,208.84026
2025/06/30 09:55:00,SA1,204.13324
2025/06/30 10:00:00,SA1,197.26351
2025/06/30 10:05:00,SA1,176.36
2025/06/30 10:10:00,SA1,286.89
2025/06/30 10:15:00,SA1,264.76419
2025/06/30 10:20:00,SA1,232.66356
2025/06/30 10:25:00,SA1,254.7359
2025/06/30 10:30:00,SA1,204.9329
2025/06/30 10:35:00,SA1,191.71329
2025/06/30 10:40:00,SA1,233.35553
2025/06/30 10:45:00,SA1,161.26657
2025/06/30 10:50:00,SA1,192.22619
2025/06/30 10:55:00,SA1,270.0
2025/06/30 11:00:00,SA1,159.00463
2025/06/30 11:05:00,SA1,286.89
2025/06/30 11:10:00,SA1,245.69192
2025/06/30 11:15:00,SA1,172.97205
2025/06/30 11:20:00,SA1,187.40558
2025/06/30 11:25:00,SA1,193.98193
2025/06/30 11:30:00,SA1,138.0
2025/06/30 11:35:00,SA1,173.5817
2025/06/30 11:40:00,SA1,175.05
2025/06/30 11:45:00,SA1,138.0
2025/06/30 11:50:00,SA1,149.0
2025/06/30 11:55:00,SA1,149.0
2025/06/30 12:00:00,SA1,149.0
2025/06/30 12:05:00,SA1,154.04089
2025/06/30 12:10:00,SA1,167.27556
2025/06/30 12:15:00,SA1,138.0
2025/06/30 12:20:00,SA1,138.0
2025/06/30 12:25:00,SA1,138.0
2025/06/30 12:30:00,SA1,116.38215
2025/06/30 12:35:00,SA1,120.0
2025/06/30 12:40:00,SA1,138.0
2025/06/30 12:45:00,SA1,138.0
2025/06/30 12:50:00,SA1,99.45
2025/06/30 12:55:00,SA1,99.45
2025/06/30 13:00:00,SA1,138.0
2025/06/30 13:05:00,SA1,143.49
2025/06/30 13:10:00,SA1,138.0
2025/06/30 13:15:00,SA1,144.74
2025/06/30 13:20:00,SA1,99.45
2025/06/30 13:25:00,SA1,99.45
2025/06/30 13:30:00,SA1,99.45
2025/06/30 13:35:00,SA1,112.83144
2025/06/30 13:40:00,SA1,116.33351
2025/06/30 13:45:00,SA1,112.12085
2025/06/30 13:50:00,SA1,97.84
2025/06/30 13:55:00,SA1,0.0
2025/06/30 14:00:00,SA1,69.57878
2025/06/30 14:05:00,SA1,26.3511
2025/06/30 14:10:00,SA1,0.0
2025/06/30 14:15:00,SA1,39.59398
2025/06/30 14:20:00,SA1,-8.5
2025/06/30 14:25:00,SA1,-14.51
2025/06/30 14:30:00,SA1,-8.49994
2025/06/30 14:35:00,SA1,-18.02893
2025/06/30 14:40:00,SA1,-16.5
2025/06/30 14:45:00,SA1,-16.5
2025/06/30 14:50:00,SA1,-14.51
2025/06/30 14:55:00,SA1,-14.51
2025/06/30 15:00:00,SA1,-20.0
2025/06/30 15:05:00,SA1,-20.1
2025/06/30 15:10:00,SA1,-18.56
2025/06/30 15:15:00,SA1,0.0
2025/06/30 15:20:00,SA1,-14.51
2025/06/30 15:25:00,SA1,-8.5
2025/06/30 15:30:00,SA1,0.0
2025/06/30 15:35:00,SA1,-2.1
2025/06/30 15:40:00,SA1,-8.49995
2025/06/30 15:45:00,SA1,-2.1
2025/06/30 15:50:00,SA1,0.0
2025/06/30 15:55:00,SA1,127.44
2025/06/30 16:00:00,SA1,258.6604
2025/06/30 16:05:00,SA1,220.28864
2025/06/30 16:10:00,SA1,157.52335
2025/06/30 16:15:00,SA1,170.44
2025/06/30 16:20:00,SA1,132.44
2025/06/30 16:25:00,SA1,165.40546
2025/06/30 16:30:00,SA1,190.58978
2025/06/30 16:35:00,SA1,170.44
2025/06/30 16:40:00,SA1,170.44
2025/06/30 16:45:00,SA1,257.11208
2025/06/30 16:50:00,SA1,294.11815
2025/06/30 16:55:00,SA1,300.0
2025/06/30 17:00:00,SA1,300.0
2025/06/30 17:05:00,SA1,300.0
2025/06/30 17:10:00,SA1,296.97549
2025/06/30 17:15:00,SA1,300.0
2025/06/30 17:20:00,SA1,300.0
2025/06/30 17:25:00,SA1,299.44
2025/06/30 17:30:00,SA1,300.0
2025/06/30 17:35:00,SA1,300.0
2025/06/30 17:40:00,SA1,358.07398
2025/06/30 17:45:00,SA1,301.9
2025/06/30 17:50:00,SA1,299.44
2025/06/30 17:55:00,SA1,300.0
2025/06/30 18:00:00,SA1,360.44745
2025/06/30 18:05:00,SA1,300.0
2025/06/30 18:10:00,SA1,278.40213
2025/06/30 18:15:00,SA1,297.89378
2025/06/30 18:20:00,SA1,299.44
2025/06/30 18:25:00,SA1,279.45
2025/06/30 18:30:00,SA1,275.98
2025/06/30 18:35:00,SA1,275.98
2025/06/30 18:40:00,SA1,275.98
2025/06/30 18:45:00,SA1,299.44
2025/06/30 18:50:00,SA1,288.99201
2025/06/30 18:55:00,SA1,275.98
2025/06/30 19:00:00,SA1,286.94253
2025/06/30 19:05:00,SA1,275.98
2025/06/30 19:10:00,SA1,282.90387
2025/06/30 19:15:00,SA1,283.53631
2025/06/30 19:20:00,SA1,296.54225
2025/06/30 19:25:00,SA1,285.61016
2025/06/30 19:30:00,SA1,276.63
2025/06/30 19:35:00,SA1,281.18483
2025/06/30 19:40:00,SA1,280.88806
2025/06/30 19:45:00,SA1,286.71434
2025/06/30 19:50:00,SA1,254.14427
2025/06/30 19:55:00,SA1,266.28667
2025/06/30 20:00:00,SA1,259.11327
2025/06/30 20:05:00,SA1,281.65417
2025/06/30 20:10:00,SA1,281.85244
2025/06/30 20:15:00,SA1,261.7
2025/06/30 20:20:00,SA1,261.16853
2025/06/30 20:25:00,SA1,246.78456
2025/06/30 20:30:00,SA1,254.99294
2025/06/30 20:35:00,SA1,225.31821
2025/06/30 20:40:00,SA1,231.99792
2025/06/30 20:45:00,SA1,299.06277
2025/06/30 20:50:00,SA1,344.62
2025/06/30 20:55:00,SA1,259.92939
2025/06/30 21:00:00,SA1,344.62
2025/06/30 21:05:00,SA1,215.04
2025/06/30 21:10:00,SA1,257.21088
2025/06/30 21:15:00,SA1,198.94676
2025/06/30 21:20:00,SA1,215.04
2025/06/30 21:25:00,SA1,215.04
2025/06/30 21:30:00,SA1,299.44
2025/06/30 21:35:00,SA1,198.87664
2025/06/30 21:40:00,SA1,207.85646
2025/06/30 21:45:00,SA1,201.56091
2025/06/30 21:50:00,SA1,299.44
2025/06/30 21:55:00,SA1,180.23963
2025/06/30 22:00:00,SA1,182.89925
2025/06/30 22:05:00,SA1,170.44
2025/06/30 22:10:00,SA1,187.68622
2025/06/30 22:15:00,SA1,170.44
2025/06/30 22:20:00,SA1,171.35484
2025/06/30 22:25:00,SA1,167.78461
2025/06/30 22:30:00,SA1,160.55885
2025/06/30 22:35:00,SA1,164.63131
2025/06/30 22:40:00,SA1,170.44
2025/06/30 22:45:00,SA1,174.106
2025/06/30 22:50:00,SA1,158.06238
2025/06/30 22:55:00,SA1,167.80963
2025/06/30 23:00:00,SA1,137.37297
2025/06/30 23:05:00,SA1,149.0
2025/06/30 23:10:00,SA1,146.18054
2025/06/30 23:15:00,SA1,159.18823
2025/06/30 23:20:00,SA1,156.54693
2025/06/30 23:25:00,SA1,157.4846
2025/06/30 23:30:00,SA1,132.44
2025/06/30 23:35:00,SA1,144.21593
2025/06/30 23:40:00,SA1,144.54068
2025/06/30 23:45:00,SA1,146.86142
2025/06/30 23:50:00,SA1,140.42429
2025/06/30 23:55:00,SA1,148.58794
2025/07/01 00:00:00,SA1,113.23133
2025/07/01 00:05:00,SA1,172.48363
2025/07/01 00:10:00,SA1,178.98456
2025/07/01 00:15:00,SA1,170.53
2025/07/01 00:20:00,SA1,186.68613
2025/07/01 00:25:00,SA1,190.27088
2025/07/01 00:30:00,SA1,195.27228
2025/07/01 00:35:00,SA1,188.97878
2025/07/01 00:40:00,SA1,192.33177
2025/07/01 00:45:00,SA1,162.46265
2025/07/01 00:50:00,SA1,186.13399
2025/07/01 00:55:00,SA1,170.53
2025/07/01 01:00:00,SA1,168.67108
2025/07/01 01:05:00,SA1,167.10728
2025/07/01 01:10:00,SA1,187.63865
2025/07/01 01:15:00,SA1,163.32206
2025/07/01 01:20:00,SA1,182.46958
2025/07/01 01:25:00,SA1,166.3758
2025/07/01 01:30:00,SA1,166.39449
2025/07/01 01:35:00,SA1,184.40651
2025/07/01 01:40:00,SA1,182.07747
2025/07/01 01:45:00,SA1,182.55877
2025/07/01 01:50:00,SA1,182.26739
2025/07/01 01:55:00,SA1,168.83341
2025/07/01 02:00:00,SA1,166.50525
2025/07/01 02:05:00,SA1,163.12587
2025/07/01 02:10:00,SA1,165.99289
2025/07/01 02:15:00,SA1,164.08299
2025/07/01 02:20:00,SA1,150.36627
2025/07/01 02:25:00,SA1,148.6111
2025/07/01 02:30:00,SA1,150.87331
2025/07/01 02:35:00,SA1,170.53
2025/07/01 02:40:00,SA1,150.06783
2025/07/01 02:45:00,SA1,140.31432
2025/07/01 02:50:00,SA1,146.95
2025/07/01 02:55:00,SA1,170.53
2025/07/01 03:00:00,SA1,310.22
2025/07/01 03:05:00,SA1,108.93694
2025/07/01 03:10:00,SA1,115.3073
2025/07/01 03:15:00,SA1,145.95
2025/07/01 03:20:00,SA1,136.79328
2025/07/01 03:25:00,SA1,156.93
2025/07/01 03:30:00,SA1,170.53
2025/07/01 03:35:00,SA1,112.02873
2025/07/01 03:40:00,SA1,170.53
2025/07/01 03:45:00,SA1,126.23319
2025/07/01 03:50:00,SA1,123.14
2025/07/01 03:55:00,SA1,107.04197
2025/07/01 04:00:00,SA1,274.08
2025/06/30 04:05:00,TAS1,215.17126
2025/06/30 04:10:00,TAS1,177.79057
2025/06/30 04:15:00,TAS1,172.89138
2025/06/30 04:20:00,TAS1,172.22557
2025/06/30 04:25:00,TAS1,212.91375
2025/06/30 04:30:00,TAS1,194.07083
2025/06/30 04:35:00,TAS1,171.4821
2025/06/30 04:40:00,TAS1,174.72933
2025/06/30 04:45:00,TAS1,202.96634
2025/06/30 04:50:00,TAS1,189.99281
2025/06/30 04:55:00,TAS1,177.42687
2025/06/30 05:00:00,TAS1,201.91569
2025/06/30 05:05:00,TAS1,173.46619
2025/06/30 05:10:00,TAS1,205.17253
2025/06/30 05:15:00,TAS1,242.72283
2025/06/30 05:20:00,TAS1,241.59298
2025/06/30 05:25:00,TAS1,190.95231
2025/06/30 05:30:00,TAS1,202.58992
2025/06/30 05:35:00,TAS1,190.18
2025/06/30 05:40:00,TAS1,190.12
2025/06/30 05:45:00,TAS1,190.14
2025/06/30 05:50:00,TAS1,189.12
2025/06/30 05:55:00,TAS1,190.14
2025/06/30 06:00:00,TAS1,238.48449
2025/06/30 06:05:00,TAS1,100.05386
2025/06/30 06:10:00,TAS1,155.1
2025/06/30 06:15:00,TAS1,156.14
2025/06/30 06:20:00,TAS1,190.24
2025/06/30 06:25:00,TAS1,214.93352
2025/06/30 06:30:00,TAS1,224.98998
2025/06/30 06:35:00,TAS1,190.24
2025/06/30 06:40:00,TAS1,220.26
2025/06/30 06:45:00,TAS1,224.12882
2025/06/30 06:50:00,TAS1,226.73416
2025/06/30 06:55:00,TAS1,240.76
2025/06/30 07:00:00,TAS1,246.52186
2025/06/30 07:05:00,TAS1,244.16537
2025/06/30 07:10:00,TAS1,228.6719
2025/06/30 07:15:00,TAS1,228.7729
2025/06/30 07:20:00,TAS1,241.14558
2025/06/30 07:25:00,TAS1,250.1
2025/06/30 07:30:00,TAS1,266.93835
2025/06/30 07:35:00,TAS1,250.19
2025/06/30 07:40:00,TAS1,250.26
2025/06/30 07:45:00,TAS1,250.28511
2025/06/30 07:50:00,TAS1,250.27032
2025/06/30 07:55:00,TAS1,302.34558
2025/06/30 08:00:00,TAS1,257.92698
2025/06/30 08:05:00,TAS1,245.55168
2025/06/30 08:10:00,TAS1,250.22
2025/06/30 08:15:00,TAS1,250.19
2025/06/30 08:20:00,TAS1,250.18
2025/06/30 08:25:00,TAS1,250.22
2025/06/30 08:30:00,TAS1,250.19
2025/06/30 08:35:00,TAS1,250.22
2025/06/30 08:40:00,TAS1,250.18
2025/06/30 08:45:00,TAS1,250.22
2025/06/30 08:50:00,TAS1,248.36067
2025/06/30 08:55:00,TAS1,228.75542
2025/06/30 09:00:00,TAS1,208.13385
2025/06/30 09:05:00,TAS1,218.83062
2025/06/30 09:10:00,TAS1,250.24
2025/06/30 09:15:00,TAS1,250.22
2025/06/30 09:20:00,TAS1,199.51129
2025/06/30 09:25:00,TAS1,250.24
2025/06/30 09:30:00,TAS1,190.22
2025/06/30 09:35:00,TAS1,209.27632
2025/06/30 09:40:00,TAS1,190.22
2025/06/30 09:45:00,TAS1,190.24
2025/06/30 09:50:00,TAS1,190.24
2025/06/30 09:55:00,TAS1,190.22
2025/06/30 10:00:00,TAS1,188.89271
2025/06/30 10:05:00,TAS1,189.23
2025/06/30 10:10:00,TAS1,251.57272
2025/06/30 10:15:00,TAS1,250.24
2025/06/30 10:20:00,TAS1,239.91501
2025/06/30 10:25:00,TAS1,248.13203
2025/06/30 10:30:00,TAS1,198.59798
2025/06/30 10:35:00,TAS1,190.70449
2025/06/30 10:40:00,TAS1,225.98457
2025/06/30 10:45:00,TAS1,159.76934
2025/06/30 10:50:00,TAS1,172.25623
2025/06/30 10:55:00,TAS1,240.27965
2025/06/30 11:00:00,TAS1,162.43868
2025/06/30 11:05:00,TAS1,250.18
2025/06/30 11:10:00,TAS1,249.18
2025/06/30 11:15:00,TAS1,190.06
2025/06/30 11:20:00,TAS1,190.18
2025/06/30 11:25:00,TAS1,190.69333
2025/06/30 11:30:00,TAS1,155.06
2025/06/30 11:35:00,TAS1,189.24
2025/06/30 11:40:00,TAS1,190.22
2025/06/30 11:45:00,TAS1,155.06
2025/06/30 11:50:00,TAS1,190.17
2025/06/30 11:55:00,TAS1,190.17
2025/06/30 12:00:00,TAS1,163.43677
2025/06/30 12:05:00,TAS1,169.96354
2025/06/30 12:10:00,TAS1,186.41014
2025/06/30 12:15:00,TAS1,169.96354
2025/06/30 12:20:00,TAS1,171.09544
2025/06/30 12:25:00,TAS1,170.38949
2025/06/30 12:30:00,TAS1,155.06
2025/06/30 12:35:00,TAS1,155.06
2025/06/30 12:40:00,TAS1,170.38949
2025/06/30 12:45:00,TAS1,190.17
2025/06/30 12:50:00,TAS1,170.33534
2025/06/30 12:55:00,TAS1,155.06
2025/06/30 13:00:00,TAS1,170.38949
2025/06/30 13:05:00,TAS1,165.06062
2025/06/30 13:10:00,TAS1,202.01224
2025/06/30 13:15:00,TAS1,171.96734
2025/06/30 13:20:00,TAS1,155.69333
2025/06/30 13:25:00,TAS1,171.68139
2025/06/30 13:30:00,TAS1,170.39949
2025/06/30 13:35:00,TAS1,155.06
2025/06/30 13:40:00,TAS1,155.06
2025/06/30 13:45:00,TAS1,155.06
2025/06/30 13:50:00,TAS1,155.06
2025/06/30 13:55:00,TAS1,155.06
2025/06/30 14:00:00,TAS1,155.06
2025/06/30 14:05:00,TAS1,190.69333
2025/06/30 14:10:00,TAS1,190.69333
2025/06/30 14:15:00,TAS1,155.06
2025/06/30 14:20:00,TAS1,155.06
2025/06/30 14:25:00,TAS1,155.06
2025/06/30 14:30:00,TAS1,155.69333
2025/06/30 14:35:00,TAS1,155.06
2025/06/30 14:40:00,TAS1,155.06
2025/06/30 14:45:00,TAS1,171.53139
2025/06/30 14:50:00,TAS1,171.52139
2025/06/30 14:55:00,TAS1,175.87184
2025/06/30 15:00:00,TAS1,155.06
2025/06/30 15:05:00,TAS1,155.06
2025/06/30 15:10:00,TAS1,155.06
2025/06/30 15:15:00,TAS1,191.32667
2025/06/30 15:20:00,TAS1,190.69333
2025/06/30 15:25:00,TAS1,292.23843
2025/06/30 15:30:00,TAS1,292.20004
2025/06/30 15:35:00,TAS1,217.47067
2025/06/30 15:40:00,TAS1,190.14
2025/06/30 15:45:00,TAS1,219.24
2025/06/30 15:50:00,TAS1,250.18
2025/06/30 15:55:00,TAS1,263.44869
2025/06/30 16:00:00,TAS1,263.54123
2025/06/30 16:05:00,TAS1,244.9213
2025/06/30 16:10:00,TAS1,190.17
2025/06/30 16:15:00,TAS1,219.28
2025/06/30 16:20:00,TAS1,190.18
2025/06/30 16:25:00,TAS1,220.24
2025/06/30 16:30:00,TAS1,220.24
2025/06/30 16:35:00,TAS1,238.47392
2025/06/30 16:40:00,TAS1,237.2927
2025/06/30 16:45:00,TAS1,250.24
2025/06/30 16:50:00,TAS1,265.53133
2025/06/30 16:55:00,TAS1,308.95618
2025/06/30 17:00:00,TAS1,313.80982
2025/06/30 17:05:00,TAS1,265.76722
2025/06/30 17:10:00,TAS1,250.19
2025/06/30 17:15:00,TAS1,250.18
2025/06/30 17:20:00,TAS1,250.55884
2025/06/30 17:25:00,TAS1,250.18
2025/06/30 17:30:00,TAS1,289.38231
2025/06/30 17:35:00,TAS1,274.71185
2025/06/30 17:40:00,TAS1,314.0403
2025/06/30 17:45:00,TAS1,250.46209
2025/06/30 17:50:00,TAS1,250.19
2025/06/30 17:55:00,TAS1,250.18
2025/06/30 18:00:00,TAS1,265.47363
2025/06/30 18:05:00,TAS1,250.22
2025/06/30 18:10:00,TAS1,241.36098
2025/06/30 18:15:00,TAS1,250.19
2025/06/30 18:20:00,TAS1,249.28598
2025/06/30 18:25:00,TAS1,237.88966
2025/06/30 18:30:00,TAS1,231.17718
2025/06/30 18:35:00,TAS1,230.29268
2025/06/30 18:40:00,TAS1,236.01803
2025/06/30 18:45:00,TAS1,246.13582
2025/06/30 18:50:00,TAS1,237.76166
2025/06/30 18:55:00,TAS1,236.45318
2025/06/30 19:00:00,TAS1,238.91121
2025/06/30 19:05:00,TAS1,235.9565
2025/06/30 19:10:00,TAS1,237.44645
2025/06/30 19:15:00,TAS1,239.82035
2025/06/30 19:20:00,TAS1,243.054
2025/06/30 19:25:00,TAS1,243.65416
2025/06/30 19:30:00,TAS1,232.06131
2025/06/30 19:35:00,TAS1,233.83981
2025/06/30 19:40:00,TAS1,221.27231
2025/06/30 19:45:00,TAS1,235.38516
2025/06/30 19:50:00,TAS1,220.24
2025/06/30 19:55:00,TAS1,220.28
2025/06/30 20:00:00,TAS1,220.24398
2025/06/30 20:05:00,TAS1,222.75663
2025/06/30 20:10:00,TAS1,236.34473
2025/06/30 20:15:00,TAS1,220.28
2025/06/30 20:20:00,TAS1,220.28
2025/06/30 20:25:00,TAS1,220.24
2025/06/30 20:30:00,TAS1,220.24
2025/06/30 20:35:00,TAS1,196.27336
2025/06/30 20:40:00,TAS1,203.05991
2025/06/30 20:45:00,TAS1,220.27529
2025/06/30 20:50:00,TAS1,220.24
2025/06/30 20:55:00,TAS1,220.24
2025/06/30 21:00:00,TAS1,220.24
2025/06/30 21:05:00,TAS1,190.62432
2025/06/30 21:10:00,TAS1,220.24
2025/06/30 21:15:00,TAS1,190.17
2025/06/30 21:20:00,TAS1,190.20225
2025/06/30 21:25:00,TAS1,190.2
2025/06/30 21:30:00,TAS1,190.22
2025/06/30 21:35:00,TAS1,183.56492
2025/06/30 21:40:00,TAS1,187.83099
2025/06/30 21:45:00,TAS1,184.54007
2025/06/30 21:50:00,TAS1,188.20551
2025/06/30 21:55:00,TAS1,158.57245
2025/06/30 22:00:00,TAS1,160.76864
2025/06/30 22:05:00,TAS1,155.18
2025/06/30 22:10:00,TAS1,172.99132
2025/06/30 22:15:00,TAS1,156.14338
2025/06/30 22:20:00,TAS1,155.18
2025/06/30 22:25:00,TAS1,155.12
2025/06/30 22:30:00,TAS1,155.15696
2025/06/30 22:35:00,TAS1,190.14
2025/06/30 22:40:00,TAS1,175.11258
2025/06/30 22:45:00,TAS1,176.23115
2025/06/30 22:50:00,TAS1,157.25506
2025/06/30 22:55:00,TAS1,165.7144
2025/06/30 23:00:00,TAS1,139.73452
2025/06/30 23:05:00,TAS1,153.03439
2025/06/30 23:10:00,TAS1,155.06
2025/06/30 23:15:00,TAS1,166.14038
2025/06/30 23:20:00,TAS1,165.16401
2025/06/30 23:25:00,TAS1,163.94152
2025/06/30 23:30:00,TAS1,138.17868
2025/06/30 23:35:00,TAS1,153.73027
2025/06/30 23:40:00,TAS1,153.73027
2025/06/30 23:45:00,TAS1,155.69333
2025/06/30 23:50:00,TAS1,150.80307
2025/06/30 23:55:00,TAS1,155.02
2025/07/01 00:00:00,TAS1,122.89582
2025/07/01 00:05:00,TAS1,155.64667
2025/07/01 00:10:00,TAS1,189.86333
2025/07/01 00:15:00,TAS1,176.95151
2025/07/01 00:20:00,TAS1,190.35
2025/07/01 00:25:00,TAS1,190.35
2025/07/01 00:30:00,TAS1,190.35
2025/07/01 00:35:00,TAS1,190.35
2025/07/01 00:40:00,TAS1,190.45
2025/07/01 00:45:00,TAS1,169.2083
2025/07/01 00:50:00,TAS1,189.86333
2025/07/01 00:55:00,TAS1,171.88855
2025/07/01 01:00:00,TAS1,168.77446
2025/07/01 01:05:00,TAS1,168.77446
2025/07/01 01:10:00,TAS1,189.86333
2025/07/01 01:15:00,TAS1,169.2083
2025/07/01 01:20:00,TAS1,187.66363
2025/07/01 01:25:00,TAS1,170.07598
2025/07/01 01:30:00,TAS1,170.07598
2025/07/01 01:35:00,TAS1,190.45
2025/07/01 01:40:00,TAS1,190.35
2025/07/01 01:45:00,TAS1,190.35
2025/07/01 01:50:00,TAS1,190.35
2025/07/01 01:55:00,TAS1,175.57885
2025/07/01 02:00:00,TAS1,172.30823
2025/07/01 02:05:00,TAS1,167.84862
2025/07/01 02:10:00,TAS1,169.51637
2025/07/01 02:15:00,TAS1,166.46384
2025/07/01 02:20:00,TAS1,154.38
2025/07/01 02:25:00,TAS1,154.38
2025/07/01 02:30:00,TAS1,154.38
2025/07/01 02:35:00,TAS1,169.66033
2025/07/01 02:40:00,TAS1,153.47
2025/07/01 02:45:00,TAS1,152.47
2025/07/01 02:50:00,TAS1,153.47
2025/07/01 02:55:00,TAS1,153.47
2025/07/01 03:00:00,TAS1,154.38
2025/07/01 03:05:00,TAS1,153.47
2025/07/01 03:10:00,TAS1,154.38
2025/07/01 03:15:00,TAS1,153.47
2025/07/01 03:20:00,TAS1,153.47
2025/07/01 03:25:00,TAS1,153.47
2025/07/01 03:30:00,TAS1,153.47
2025/07/01 03:35:00,TAS1,154.38
2025/07/01 03:40:00,TAS1,154.38
2025/07/01 03:45:00,TAS1,154.38
2025/07/01 03:50:00,TAS1,154.38
2025/07/01 03:55:00,TAS1,154.38
2025/07/01 04:00:00,TAS1,153.47
2025/06/30 04:05:00,VIC1,200.70031
2025/06/30 04:10:00,VIC1,165.43677
2025/06/30 04:15:00,VIC1,160.86123
2025/06/30 04:20:00,VIC1,160.25
2025/06/30 04:25:00,VIC1,197.8
2025/06/30 04:30:00,VIC1,180.21
2025/06/30 04:35:00,VIC1,160.01
2025/06/30 04:40:00,VIC1,164.48641
2025/06/30 04:45:00,VIC1,193.49271
2025/06/30 04:50:00,VIC1,180.21
2025/06/30 04:55:00,VIC1,168.29109
2025/06/30 05:00:00,VIC1,190.07906
2025/06/30 05:05:00,VIC1,164.53435
2025/06/30 05:10:00,VIC1,194.11794
2025/06/30 05:15:00,VIC1,229.64505
2025/06/30 05:20:00,VIC1,228.57608
2025/06/30 05:25:00,VIC1,180.21
2025/06/30 05:30:00,VIC1,191.19292
2025/06/30 05:35:00,VIC1,186.51002
2025/06/30 05:40:00,VIC1,188.5677
2025/06/30 05:45:00,VIC1,202.36059
2025/06/30 05:50:00,VIC1,185.47047
2025/06/30 05:55:00,VIC1,204.16028
2025/06/30 06:00:00,VIC1,236.97586
2025/06/30 06:05:00,VIC1,209.95822
2025/06/30 06:10:00,VIC1,253.84385
2025/06/30 06:15:00,VIC1,249.14887
2025/06/30 06:20:00,VIC1,246.73818
2025/06/30 06:25:00,VIC1,243.43146
2025/06/30 06:30:00,VIC1,254.17058
2025/06/30 06:35:00,VIC1,211.96627
2025/06/30 06:40:00,VIC1,255.57315
2025/06/30 06:45:00,VIC1,261.93324
2025/06/30 06:50:00,VIC1,264.22636
2025/06/30 06:55:00,VIC1,273.29975
2025/06/30 07:00:00,VIC1,278.45789
2025/06/30 07:05:00,VIC1,276.38261
2025/06/30 07:10:00,VIC1,266.96
2025/06/30 07:15:00,VIC1,268.46578
2025/06/30 07:20:00,VIC1,319.09936
2025/06/30 07:25:00,VIC1,386.72
2025/06/30 07:30:00,VIC1,388.72
2025/06/30 07:35:00,VIC1,299.5
2025/06/30 07:40:00,VIC1,358.65
2025/06/30 07:45:00,VIC1,302.17301
2025/06/30 07:50:00,VIC1,299.22
2025/06/30 07:55:00,VIC1,358.83456
2025/06/30 08:00:00,VIC1,338.73095
2025/06/30 08:05:00,VIC1,289.62703
2025/06/30 08:10:00,VIC1,304.29763
2025/06/30 08:15:00,VIC1,299.89
2025/06/30 08:20:00,VIC1,299.5
2025/06/30 08:25:00,VIC1,297.9552
2025/06/30 08:30:00,VIC1,295.93065
2025/06/30 08:35:00,VIC1,297.32002
2025/06/30 08:40:00,VIC1,292.23847
2025/06/30 08:45:00,VIC1,293.0194
2025/06/30 08:50:00,VIC1,281.41277
2025/06/30 08:55:00,VIC1,267.93643
2025/06/30 09:00:00,VIC1,234.20369
2025/06/30 09:05:00,VIC1,245.03015
2025/06/30 09:10:00,VIC1,290.33808
2025/06/30 09:15:00,VIC1,284.67027
2025/06/30 09:20:00,VIC1,222.29589
2025/06/30 09:25:00,VIC1,288.65458
2025/06/30 09:30:00,VIC1,176.62619
2025/06/30 09:35:00,VIC1,227.97
2025/06/30 09:40:00,VIC1,189.48372
2025/06/30 09:45:00,VIC1,204.07945
2025/06/30 09:50:00,VIC1,203.02788
2025/06/30 09:55:00,VIC1,199.61689
2025/06/30 10:00:00,VIC1,196.58467
2025/06/30 10:05:00,VIC1,174.93765
2025/06/30 10:10:00,VIC1,266.96
2025/06/30 10:15:00,VIC1,264.07658
2025/06/30 10:20:00,VIC1,237.77772
2025/06/30 10:25:00,VIC1,255.20721
2025/06/30 10:30:00,VIC1,207.00724
2025/06/30 10:35:00,VIC1,189.12425
2025/06/30 10:40:00,VIC1,231.18
2025/06/30 10:45:00,VIC1,160.0
2025/06/30 10:50:00,VIC1,191.13594
2025/06/30 10:55:00,VIC1,241.96
2025/06/30 11:00:00,VIC1,160.0
2025/06/30 11:05:00,VIC1,262.33802
2025/06/30 11:10:00,VIC1,241.96
2025/06/30 11:15:00,VIC1,179.36789
2025/06/30 11:20:00,VIC1,185.54119
2025/06/30 11:25:00,VIC1,187.77829
2025/06/30 11:30:00,VIC1,139.13708
2025/06/30 11:35:00,VIC1,178.19287
2025/06/30 11:40:00,VIC1,181.57895
2025/06/30 11:45:00,VIC1,144.2604
2025/06/30 11:50:00,VIC1,180.8347
2025/06/30 11:55:00,VIC1,179.83698
2025/06/30 12:00:00,VIC1,153.85583
2025/06/30 12:05:00,VIC1,160.0
2025/06/30 12:10:00,VIC1,175.48247
2025/06/30 12:15:00,VIC1,160.0
2025/06/30 12:20:00,VIC1,160.0
2025/06/30 12:25:00,VIC1,160.0
2025/06/30 12:30:00,VIC1,144.25108
2025/06/30 12:35:00,VIC1,138.40368
2025/06/30 12:40:00,VIC1,160.0
2025/06/30 12:45:00,VIC1,177.86682
2025/06/30 12:50:00,VIC1,160.35
2025/06/30 12:55:00,VIC1,109.32951
2025/06/30 13:00:00,VIC1,160.0
2025/06/30 13:05:00,VIC1,153.62793
2025/06/30 13:10:00,VIC1,188.95925
2025/06/30 13:15:00,VIC1,160.0
2025/06/30 13:20:00,VIC1,144.85069
2025/06/30 13:25:00,VIC1,160.0
2025/06/30 13:30:00,VIC1,160.0
2025/06/30 13:35:00,VIC1,114.67917
2025/06/30 13:40:00,VIC1,115.89543
2025/06/30 13:45:00,VIC1,114.16268
2025/06/30 13:50:00,VIC1,98.59405
2025/06/30 13:55:00,VIC1,98.0755
2025/06/30 14:00:00,VIC1,70.934
2025/06/30 14:05:00,VIC1,51.793
2025/06/30 14:10:00,VIC1,52.2024
2025/06/30 14:15:00,VIC1,82.35674
2025/06/30 14:20:00,VIC1,77.91821
2025/06/30 14:25:00,VIC1,102.38453
2025/06/30 14:30:00,VIC1,144.84137
2025/06/30 14:35:00,VIC1,103.93902
2025/06/30 14:40:00,VIC1,105.0974
2025/06/30 14:45:00,VIC1,160.0
2025/06/30 14:50:00,VIC1,160.0
2025/06/30 14:55:00,VIC1,164.05551
2025/06/30 15:00:00,VIC1,134.41631
2025/06/30 15:05:00,VIC1,70.17982
2025/06/30 15:10:00,VIC1,99.63395
2025/06/30 15:15:00,VIC1,99.62464
2025/06/30 15:20:00,VIC1,100.61395
2025/06/30 15:25:00,VIC1,273.7349
2025/06/30 15:30:00,VIC1,275.07079
2025/06/30 15:35:00,VIC1,203.42954
2025/06/30 15:40:00,VIC1,181.26504
2025/06/30 15:45:00,VIC1,227.97
2025/06/30 15:50:00,VIC1,267.63363
2025/06/30 15:55:00,VIC1,270.23186
2025/06/30 16:00:00,VIC1,270.32678
2025/06/30 16:05:00,VIC1,262.05882
2025/06/30 16:10:00,VIC1,190.4399
2025/06/30 16:15:00,VIC1,230.83691
2025/06/30 16:20:00,VIC1,199.59533
2025/06/30 16:25:00,VIC1,239.91247
2025/06/30 16:30:00,VIC1,242.34728
2025/06/30 16:35:00,VIC1,267.69938
2025/06/30 16:40:00,VIC1,265.70173
2025/06/30 16:45:00,VIC1,281.96022
2025/06/30 16:50:00,VIC1,299.9
2025/06/30 16:55:00,VIC1,348.40823
2025/06/30 17:00:00,VIC1,353.01072
2025/06/30 17:05:00,VIC1,310.67487
2025/06/30 17:10:00,VIC1,299.12
2025/06/30 17:15:00,VIC1,306.72465
2025/06/30 17:20:00,VIC1,299.89
2025/06/30 17:25:00,VIC1,299.38446
2025/06/30 17:30:00,VIC1,334.237
2025/06/30 17:35:00,VIC1,325.32207
2025/06/30 17:40:00,VIC1,360.07
2025/06/30 17:45:00,VIC1,302.8892
2025/06/30 17:50:00,VIC1,300.27899
2025/06/30 17:55:00,VIC1,307.23148
2025/06/30 18:00:00,VIC1,360.07
2025/06/30 18:05:00,VIC1,299.29
2025/06/30 18:10:00,VIC1,272.95365
2025/06/30 18:15:00,VIC1,289.23314
2025/06/30 18:20:00,VIC1,282.5511
2025/06/30 18:25:00,VIC1,269.67513
2025/06/30 18:30:00,VIC1,262.07487
2025/06/30 18:35:00,VIC1,262.88511
2025/06/30 18:40:00,VIC1,267.74292
2025/06/30 18:45:00,VIC1,279.27549
2025/06/30 18:50:00,VIC1,272.7011
2025/06/30 18:55:00,VIC1,268.04062
2025/06/30 19:00:00,VIC1,270.82
2025/06/30 19:05:00,VIC1,267.38696
2025/06/30 19:10:00,VIC1,269.82
2025/06/30 19:15:00,VIC1,272.51081
2025/06/30 19:20:00,VIC1,279.2548
2025/06/30 19:25:00,VIC1,276.85643
2025/06/30 19:30:00,VIC1,267.078
2025/06/30 19:35:00,VIC1,274.05947
2025/06/30 19:40:00,VIC1,272.61039
2025/06/30 19:45:00,VIC1,278.37241
2025/06/30 19:50:00,VIC1,244.78209
2025/06/30 19:55:00,VIC1,253.87546
2025/06/30 20:00:00,VIC1,247.50775
2025/06/30 20:05:00,VIC1,270.82
2025/06/30 20:10:00,VIC1,270.82
2025/06/30 20:15:00,VIC1,253.45808
2025/06/30 20:20:00,VIC1,252.92431
2025/06/30 20:25:00,VIC1,245.67718
2025/06/30 20:30:00,VIC1,253.006
2025/06/30 20:35:00,VIC1,225.29494
2025/06/30 20:40:00,VIC1,230.02507
2025/06/30 20:45:00,VIC1,284.0
2025/06/30 20:50:00,VIC1,252.47964
2025/06/30 20:55:00,VIC1,248.74115
2025/06/30 21:00:00,VIC1,250.70616
2025/06/30 21:05:00,VIC1,207.65282
2025/06/30 21:10:00,VIC1,247.50329
2025/06/30 21:15:00,VIC1,196.32695
2025/06/30 21:20:00,VIC1,208.24443
2025/06/30 21:25:00,VIC1,208.84245
2025/06/30 21:30:00,VIC1,210.36679
2025/06/30 21:35:00,VIC1,197.42648
2025/06/30 21:40:00,VIC1,202.01446
2025/06/30 21:45:00,VIC1,198.47521
2025/06/30 21:50:00,VIC1,203.45756
2025/06/30 21:55:00,VIC1,171.86294
2025/06/30 22:00:00,VIC1,174.24305
2025/06/30 22:05:00,VIC1,165.64526
2025/06/30 22:10:00,VIC1,185.5769
2025/06/30 22:15:00,VIC1,167.50423
2025/06/30 22:20:00,VIC1,164.32637
2025/06/30 22:25:00,VIC1,159.44376
2025/06/30 22:30:00,VIC1,152.75481
2025/06/30 22:35:00,VIC1,160.09798
2025/06/30 22:40:00,VIC1,168.65114
2025/06/30 22:45:00,VIC1,169.72844
2025/06/30 22:50:00,VIC1,151.84186
2025/06/30 22:55:00,VIC1,160.01
2025/06/30 23:00:00,VIC1,133.21228
2025/06/30 23:05:00,VIC1,144.42521
2025/06/30 23:10:00,VIC1,147.44822
2025/06/30 23:15:00,VIC1,160.01
2025/06/30 23:20:00,VIC1,159.06966
2025/06/30 23:25:00,VIC1,157.89227
2025/06/30 23:30:00,VIC1,131.06381
2025/06/30 23:35:00,VIC1,144.71835
2025/06/30 23:40:00,VIC1,145.44737
2025/06/30 23:45:00,VIC1,148.80386
2025/06/30 23:50:00,VIC1,140.17798
2025/06/30 23:55:00,VIC1,144.8248
2025/07/01 00:00:00,VIC1,112.60501
2025/07/01 00:05:00,VIC1,176.61966
2025/07/01 00:10:00,VIC1,182.30989
2025/07/01 00:15:00,VIC1,169.4761
2025/07/01 00:20:00,VIC1,184.67607
2025/07/01 00:25:00,VIC1,185.739
2025/07/01 00:30:00,VIC1,187.3188
2025/07/01 00:35:00,VIC1,185.42933
2025/07/01 00:40:00,VIC1,187.56786
2025/07/01 00:45:00,VIC1,162.06
2025/07/01 00:50:00,VIC1,182.30989
2025/07/01 00:55:00,VIC1,164.62702
2025/07/01 01:00:00,VIC1,162.06
2025/07/01 01:05:00,VIC1,162.06
2025/07/01 01:10:00,VIC1,182.77973
2025/07/01 01:15:00,VIC1,162.06
2025/07/01 01:20:00,VIC1,179.27602
2025/07/01 01:25:00,VIC1,162.06
2025/07/01 01:30:00,VIC1,162.06
2025/07/01 01:35:00,VIC1,183.04165
2025/07/01 01:40:00,VIC1,180.45781
2025/07/01 01:45:00,VIC1,180.91697
2025/07/01 01:50:00,VIC1,181.64155
2025/07/01 01:55:00,VIC1,166.03292
2025/07/01 02:00:00,VIC1,162.94012
2025/07/01 02:05:00,VIC1,160.34664
2025/07/01 02:10:00,VIC1,161.52676
2025/07/01 02:15:00,VIC1,159.02375
2025/07/01 02:20:00,VIC1,145.61798
2025/07/01 02:25:00,VIC1,143.94711
2025/07/01 02:30:00,VIC1,145.61798
2025/07/01 02:35:00,VIC1,161.2526
2025/07/01 02:40:00,VIC1,141.40983
2025/07/01 02:45:00,VIC1,133.45745
2025/07/01 02:50:00,VIC1,141.54293
2025/07/01 02:55:00,VIC1,111.04392
2025/07/01 03:00:00,VIC1,142.73462
2025/07/01 03:05:00,VIC1,105.66632
2025/07/01 03:10:00,VIC1,108.38652
2025/07/01 03:15:00,VIC1,131.59812
2025/07/01 03:20:00,VIC1,130.14234
2025/07/01 03:25:00,VIC1,107.6014
2025/07/01 03:30:00,VIC1,121.35
2025/07/01 03:35:00,VIC1,104.88383
2025/07/01 03:40:00,VIC1,131.16319
2025/07/01 03:45:00,VIC1,121.35
2025/07/01 03:50:00,VIC1,116.34863
2025/07/01 03:55:00,VIC1,104.70883
2025/07/01 04:00:00,VIC1,107.08169
